{
  "project_info": {
    "project_number": "414915405043",
    "project_id": "medical-consult-94d61",
    "storage_bucket": "medical-consult-94d61.appspot.com"
  },
  "client": [
    {
      "client_info": {
        "mobilesdk_app_id": "1:414915405043:android:7c7cf60a932e6625f94386",
        "android_client_info": {
          "package_name": "com.example.medicalconsult"
        }
      },
      "oauth_client": [],
      "api_key": [
        {
          "current_key": "AIzaSyA82SUGvxZb8ltNNPNwGnMTFQOO4vqQbok"
        }
      ],
      "services": {
        "appinvite_service": {
          "other_platform_oauth_client": []
        }
      }
    }
  ],
  "configuration_version": "1"
}